sentence,label
"The company's capital structure has been in balance, optimizing its cost of capital and financial leverage.",neutral
The recent surge in interest rates has led to lower bond prices.,negative
The recent legalization of recreational marijuana in several states has created a booming industry and new investment opportunities.,positive
The declining oil prices are negatively impacting energy companies' profitability and investment decisions.,negative
The company's debt-to-equity ratio is resulting in higher interest payments.,negative
"The London Interbank Offered Rate (LIBOR) transition is underway, as financial institutions move towards alternative reference rates.",neutral
The use of robo-advisors and automated investment strategies is helping to democratize access to financial advice and services.,positive
The increasing threat of cyber attacks is creating challenges for companies looking to protect their assets and information.,negative
The decrease in the value of the dollar is concerning for international travelers.,negative
"The company's revenue growth has been stagnant for several quarters, and investors are growing impatient.",negative
The growth of the online streaming industry is resulting in a positive sentiment for streaming investors.,positive
The company's return on equity has been declining over the past year.,negative
"The recent interest rate hike has caused small fluctuations in the market, but overall stability remains.",neutral
The company's high debt-to-equity ratio is cause for concern.,negative
The company's recent ethical scandal has led to a significant loss of public trust and a drop in stock prices.,negative
"The recent increase in inflation has caused concern among many economists, as it could potentially lead to higher interest rates.",negative
The central bank's decision to tighten monetary policy slowed down lending activity.,negative
"The technology industry continues to dominate, with many companies posting record profits.",positive
"The housing market experienced a slowdown, causing concerns among homeowners and real estate investors.",negative
"The decreasing trend towards traditional cable TV has impacted the media industry, leading to changes in advertising and revenue models.",negative
The decline in commodity prices is having a negative impact on the mining industry.,negative
"The central bank is expected to keep interest rates steady, which is good news for borrowers.",positive
"The company's financial ratios have been stable, indicating consistent performance and financial health.",neutral
The education industry is undergoing significant changes as more individuals look for alternative options to traditional degree programs.,neutral
"The retail industry is experiencing a shift towards sustainable and ethical products, as consumers become more conscious of social and environmental issues.",positive
The ongoing debate over minimum wage is impacting the labor market.,neutral
The announcement of a merger with a competitor has generated mixed sentiments among shareholders.,neutral
The increasing levels of household debt are a cause for concern as they could lead to financial instability and a slowdown in consumer spending.,negative
The increase in government regulation is having a negative impact on the finance industry.,negative
Rising healthcare costs are a major concern for many consumers and can negatively impact their finances.,negative
"The company's cash reserves have been dwindling, raising questions about its solvency and liquidity.",negative
"The recent increase in taxes has led to decreased profitability for some companies, causing anxiety for investors.",negative
"The rise of social entrepreneurship is creating new business models that combine profit-making with social impact, leading to a more sustainable and equitable economy.",positive
The trend toward consumer downsizing can be detrimental for luxury brands.,negative
The company's free cash flow has been negative for the past few quarters.,negative
"The issuance of treasury bonds by the government allows them to finance public spending, while also providing a safe investment option for individuals.",positive
The company's revenue increased due to strong sales in overseas markets.,positive
The market for high-yield bonds has experienced significant volatility and risk in recent years due to low interest rates and increased default rates.,negative
"The global economic slowdown has led to a decrease in consumer spending, affecting retail businesses negatively.",negative
The company reported a decrease in earnings this quarter.,negative
"The automotive industry is facing challenges, with declining sales and changing consumer preferences.",negative
The rise of automation and artificial intelligence is disrupting traditional industries and creating new investment opportunities in areas like robotics and automation technology.,positive
The music industry is undergoing a major shift towards streaming platforms and new revenue models.,neutral
"The pandemic has led to a change in the way we work and interact with colleagues, leading to opportunities for innovation and new business models.",neutral
"The foreign exchange market is highly liquid and volatile, with constant fluctuations in currency values.",neutral
The retail industry is shifting towards e-commerce sales due to changs in consumer behavior.,neutral
"A global economic slowdown is affecting emerging markets, causing currency depreciation and capital outflows.",negative
The Federal Reserve's decision to raise interest rates may slow economic growth and increase borrowing costs for consumers.,negative
"The company's EPS exceeded expectations, leading to an increase in the stock price.",positive
The rise of remote work is prompting many employers to rethink their office footprint and real estate strategy.,neutral
"The yield on treasury bonds has been steadily rising, which could make borrowing more expensive for businesses.",negative
The ongoing trade dispute between the U.S. and China is causing volatility in the markets and raising questions about the future of global trade.,negative
The ongoing political instability in Europe is leading to uncertainty and instability in the global economy.,negative
The market's reaction to the Fed's announcement was decidedly negative.,negative
"The company's earnings report was underwhelming, causing a dip in stock value.",negative
The company's increasing reliance on contract workers and gig economy platforms is leading to greater income insecurity for workers.,negative
"The company's valuation is overinflated, leading some investors to question its worth.",negative
"The increasing automation of jobs is causing job displacement and uncertainty about the future of work, but may also lead to increased productivity and efficiencies in the long run.",neutral
"The company's stock has been stagnant for months, with no major developments to spur growth.",neutral
"The company's net income has decreased, leading to disappointment among investors.",negative
The company's reputation was damaged after a high-profile lawsuit.,negative
"The energy industry is facing increased competition from renewable energy sources, such as wind and solar power.",negative
The price of crude oil is expected to rise due to ongoing tensions in the Middle East and increasing demand.,neutral
"The financial industry must address concerns about cybersecurity and data privacy, which are growing in importance in a connected world.",negative
The company's earnings per share have been impacted by a decline in the stock price.,negative
The technology industry continues to be a major driver of economic growth and innovation.,positive
"The insurance industry is facing increasing competition from digital disruptors, with many startups offering innovative new products and services.",negative
The manufacturing industry is facing challenges due to supply chain issues and geopolitical tensions.,negative
"The recent tax reform legislation has been viewed as a positive for businesses, as it lowers their overall tax burden.",positive
The company's decision to cut costs by reducing employee benefits has resulted in negative employee morale.,negative
"The automobile industry is facing major disruption thanks to the rise of electric and autonomous vehicles, which are reshaping the way we think about transportation.",neutral
"The company's decision to outsource manufacturing jobs could be a cost-saving measure, or could create concerns among workers over job security.",neutral
The implementation of stricter lending standards reduced the risk of loan defaults and strengthened the banking sector.,positive
The CEO's leadership style has been criticized for lacking transparency and accountability.,negative
"The real estate market has been experiencing a boom in recent years, with prices reaching all-time highs in many cities",positive
The global economy is facing a growing debt crisis.,negative
"The sovereign debt crisis in Greece sent shockwaves through the European financial markets, posing risks to the stability of the eurozone.",negative
The recent data breach has severely damaged the company's reputation and customer trust.,negative
The weak economic data released by the government raised concerns about a possible recession in the near future.,negative
The high volatility in the cryptocurrency market is making some investors nervous.,negative
The recent surge in interest for meme stocks and cryptocurrency trading has some investors concerned about a lack of financial education among retail investors.,negative
The company's CEO resigned due to controversy surrounding financial misconduct.,negative
The rise of index funds has disrupted the traditional mutual fund industry.,neutral
"The company's recent product launch was unsuccessful, which could negatively impact their stock price.",negative
The company's stock price remains undervalued despite solid financial performance.,negative
The negative effects of trade wars on the global economy are leading to decreased business investment and increased market volatility.,negative
The company's earnings report was lower than expected.,negative
"The auto industry is struggling to adapt to new electric and autonomous technologies, leading to job cuts and plant closures.",negative
The company's decision to implement cost-cutting measures has led to increased profitability and shareholder satisfaction.,positive
"The negative impact of the pandemic on the hospitality industry has been severe, leading to widespread financial losses and job cuts.",negative
We are concerned about the impact of rising healthcare costs on our company's bottom line.,negative
The decline in defined benefit pension plans is causing concern for employees and retirees.,negative
The backlash against rising obesity rates and unhealthy eating habits is causing increased investment in healthy food alternatives and potential profits for companies that adapt.,positive
The agriculture industry is facing challenges from changing weather patterns and economic uncertainty.,negative
"The non-profit sector is facing increased competition for funding, with donors demanding greater transparency and impact.",neutral
The significant increase in mortgage rates had a negative effect on the sentiment in the real estate market.,negative
"The company's financial statements have been scrutinized by regulators, leading to a drop in investor confidence.",negative
"The recently passed tax reform bill has led to increased profits for some companies, garnering praise from the business community.",positive
The ongoing debate over healthcare reform is causing major disruptions in the health insurance industry.,neutral
"The company's earnings call has been well-received, with analysts praising its growth strategy and execution.",positive
The clothing industry has faced criticism for unethical labor practices and environmental impact.,negative
The healthcare industry is facing intense pressure to cut costs and increase efficiency as demand for services continues to rise.,negative
The growing popularity of meal delivery services is affecting the food industry.,neutral
The continuing Brexit saga is causing uncertainty and volatility in the UK economy and leading to potential supply chain disruptions.,negative
Our sales figures are plummeting this quarter.,negative
The trade war between the US and China is having a negative impact on global trade and investment.,negative
"The travel and tourism industry is facing unprecedented challenges, as restrictions due to COVID-19 severely limit international travel.",negative
The service industry is experiencing disruption due to changing consumer preferences.,negative
"The energy sector suffered a substantial setback as oil prices plunged, negatively affecting company profits and stock prices.",negative
The ongoing US-Iran tensions are causing oil prices to rise and potentially destabilizing the region.,negative
The company's new product launch has been met with enthusiasm by consumers.,positive
"The market for alternative currencies, including bitcoin and other cryptocurrencies, remains volatile and uncertain.",neutral
The hospitality industry has been hit hard by pandemic-related travel restrictions.,negative
The renewable energy industry is facing concerns over energy storage and integration with existing power grids.,negative
"The company's revenue fell short of expectations, and investors are selling off their shares.",negative
"The company's price-to-sales ratio is high, indicating overvaluation.",negative
"Tesla is facing significant challenges with production and delivery of its electric vehicles, leading to concern about the company's viability.",negative
"The emerging trend of ESG investing prioritizes companies with strong environmental, social, and governance practices alongside financial performance.",positive
"The healthcare industry is experiencing significant growth in telemedicine and remote health monitoring solutions, providing patients with more convenient and cost-effective options for healthcare.",positive
"A new product launch has been delayed, causing frustration for consumers and investors.",negative
The price of gold is soaring in response to economic uncertainty and geopolitical tensions.,positive
The Federal Reserve's decision to cut interest rates came as a surprise to many economists.,neutral
The U.S. government's continued quantitative easing policy is expected to lead to inflation concerns.,negative
The negative impact of rising healthcare costs on government spending is leading to debates about the future of healthcare policy.,negative
The company's recent merger with a competitor has raised concerns about anti-competitive practices and potential job losses.,negative
"The food and beverage industry is facing challenges with changing consumer preferences and increased competition from smaller, niche brands focused on health and sustainability.",negative
"The textile industry is struggling, as lower cost manufacturing centers gain a competitive edge.",negative
"The regulatory scrutiny over big tech companies intensified, leading to increased market volatility and uncertainty for investors.",negative
"The rise of artificial intelligence and automation is transforming many industries, including finance, where it is being used to improve efficiency and reduce costs.",positive
"The company's financial performance is in line with industry peers, indicating a healthy market.",neutral
"The credit card industry has faced criticism for its high interest rates and predatory lending practices, which have left many consumers struggling with debt.",negative
The healthcare industry is seeing increased demand for personalized medicine and telemedicine services.,positive
The company's share price has experienced significant volatility in the past week.,neutral
The rise of virtual assistants and chatbots is changing the way consumers interact with financial services and providing added convenience.,neutral
The recent decrease in consumer spending has hurt businesses and economic growth.,negative
The company's debt-to-assets ratio is a concern for lenders.,negative
The government's fiscal stimulus boosted economic growth but increased national debt.,neutral
The company's current ratio is below industry standards,negative
"The gaming industry is undergoing significant changes due to new technologies such as virtual and augmented reality, leading to new challenges and opportunities for innovation.",neutral
"The company's EPS was in line with analyst expectations, which caused a neutral reaction in its stock price",neutral
The new tax policy will likely impact the stock market.,neutral
"The neutral policy stance of the central bank has failed to boost investor sentiment, resulting in a flat market performance.",neutral
The negative impact of trade tariffs on the agriculture industry is causing serious financial hardship for many farmers.,negative
The bond market is signaling a potential recession ahead.,negative
The concerns over the impact of Brexit on the UK economy are causing a negative market sentiment among investors.,negative
"The financial markets reacted positively to the announcement of a trade deal between the U.S. and China, reducing trade tensions and boosting investor confidence.",positive
The government's decision to increase tariffs on imported goods resulted in higher prices for consumers.,negative
"The industry is facing increased regulation and scrutiny, leading to greater transparency.",neutral
The company's market-to-book ratio is in line with its peers,neutral
The decrease in overall stock market values is having a negative impact on global investors.,negative
The company's CEO has been criticized for unethical behavior.,negative
The volatile market conditions prompted investors to seek refuge in safe-haven assets such as gold and government bonds.,positive
"The oil and gas industry is grappling with falling prices and oversupply, leading to layoffs and bankruptcies.",negative
The derivatives market can be a lucrative but risky investment opportunity.,neutral
"The company's reputation has been damaged by a data breach, leading to a drop in customer trust.",negative
The decline of traditional advertising and the rise of influencer marketing is changing the way companies approach consumer outreach.,neutral
"The impact of climate change is increasingly being felt within the financial industry, leading to calls for sustainability.",negative
The Federal Reserve's decision to raise interest rates again has some investors worried.,negative
"The retail sales figures were disappointing, indicating weaker consumer spending than expected.",negative
The stock market is experiencing a period of correction due to tightening monetary policy.,negative
"The recent surge in cryptocurrency prices fueled excitement among investors, while also raising concerns about potential market volatility.",neutral
The company's new CEO has implemented bold strategies that have revitalized the organization.,positive
"The company's new product launch has been delayed several times, affecting revenue projections.",negative
"The automotive industry is investing heavily in self-driving technology, but facing concerns over safety and liability.",neutral
The company's balance sheet shows that it has a significant short-term debt problem.,negative
A company's inventory turnover ratio is an important metric for evaluating its overall financial health and efficiency,neutral
The unexpected interest rate hike by the central bank slowed down economic growth.,negative
The company's decision to outsource certain business functions has led to accusations of exploitation and unethical practices.,negative
The retail industry is facing challenges with the decline of brick-and-mortar stores.,negative
"The company faces intense competition from other industry players, leading to concerns about its ability to stay profitable.",negative
The negative impact of climate change on certain sectors has led to increased scrutiny of environmental policies.,negative
"The company's debt-to-equity ratio is high, indicating a greater dependence on borrowing to finance operations.",negative
The airline industry is recovering slowly from the pandemic.,neutral
The rising cost of healthcare in the US is prompting calls for reform.,negative
"The automotive industry is facing disruption from new mobility services, such as ride-sharing and car-sharing.",negative
"The ongoing trade dispute between the US and China is causing significant uncertainty in the markets, particularly for companies with significant business in the region.",negative
The automotive industry is transitioning towards electric and autonomous vehicles.,neutral
The real estate industry is embracing virtual reality technology for immersive property tours and marketing.,positive
"The COVID-19 pandemic has led to a sharp decrease in travel demand, causing airline stocks to plummet.",negative
The housing market is experiencing a slow down.,negative
"The pharmaceutical industry is facing challenges with pricing and regulation, leading to scrutiny and increasing public pressure.",negative
The recent increase in regulatory scrutiny has hurt profits for this company.,negative
The rise of consumer debt and high interest rates on loans is causing financial strain for individuals and potential risks for financial institutions.,negative
The market is experiencing a period of high volatility due to concerns about a potential economic downturn.,negative
The company's leadership changes have caused concerns among investors.,negative
The retail industry is struggling with store closures and bankruptcy filings amidst the pandemic.,negative
The increase in regulations over greenhouse gas emissions and climate change is causing potential financial losses for fossil fuel companies and increased investment in clean energy alternatives.,negative
The yield curve inversion has some experts worried about a recession in the near future.,negative
The rising consumer debt levels are a cause for concern as they could lead to a higher default rate and financial instability.,negative
The investment banking industry has been adapting to changing regulations and increased scrutiny of risky investments.,negative
"The company's financial statements reveal a significant decrease in revenue, indicating a negative outlook for the future.",negative
The company's cost of goods sold has increased due to rising raw material costs.,negative
"The real estate market is hot, with bidding wars becoming increasingly common in many cities.",positive
The neutral response to the company's earnings report indicates a stable financial position for the firm.,neutral
The retail industry is seeing a shift towards minimalism and decluttering in response to consumer trends.,neutral
The increasing adoption of renewable energy is ushering in a new era of sustainability.,positive
The company's stock prices have been volatile in recent weeks due to uncertain market conditions.,neutral
The negative impact of the pandemic on the automotive industry has resulted in widespread layoffs.,negative
The sharp decline in oil prices due to a global oversupply has created challenges for the energy sector and many other related industries.,negative
"The current economic climate is uncertain, with many investors feeling neutral about the future of the markets.",neutral
"The trade war between the U.S. and China is putting pressure on businesses, as tariffs increase costs and disrupt supply chains.",negative
"The healthcare industry must address concerns about mental health access and treatment, which are increasingly prevalent in society.",negative
"The current state of the economy is a hotly debated topic among politicians, economists, and the general public.",neutral
The company's price-to-book value ratio is higher than its industry peers.,neutral
The company's unethical business practices were exposed in a high-profile lawsuit.,negative
The company's sales pipeline looks promising.,positive
"The real estate industry is investing in smart home technologies, as more consumers seek automated and connected living spaces.",positive
Investors are hesitant to invest in the cryptocurrency market due to its volatile nature.,negative
The hospitality industry is facing challenges due to changing consumer preferences and shifting demographics.,negative
The current economic uncertainty is causing some investors to be cautious.,neutral
The stock price plummeted after news of a major data breach was revealed.,negative
The stock price has stagnated in recent months.,neutral
The company's acquisition of a competitor will lead to increased market share.,positive
"The pharmaceutical industry is subject to strict regulations, making it difficult for new companies to break into the market.",negative
"The cryptocurrency market has been highly volatile this year, with Bitcoin and other digital assets experiencing sharp fluctuations in value.",neutral
The market is experiencing a shift towards sustainable and socially responsible investing.,positive
The company's solid financial performance and strong fundamentals offer an attractive investment opportunity.,positive
"The company announced a major product recall, leading to a drop in stock price.",negative
"The stock market fluctuates daily, which can be stressful for investors.",neutral
The volatile nature of options trading requires a high level of expertise and caution for those interested in pursuing it.,neutral
The company's decision to cut jobs could lead to higher profits and a positive impact on investor sentiment.,positive
The media industry is seeing increased competition from streaming services.,negative
The automaker industry is facing challenges due to changes in consumer preferences.,negative
The increase in minimum wage has hurt profits for this company.,negative
The energy sector is facing political turmoil in oil-rich regions overseas.,negative
The ongoing debate over climate change has led to increased scrutiny of companies' environmental policies and practices.,neutral
The company's failure to meet its quarterly earnings target has resulted in a drop in its stock price.,negative
The company's recent product recall has damaged its reputation and led to decreased sales.,negative
The rise of passive investing has led to increased scrutiny on traditional active management strategies.,neutral
The company's products have been accused of being environmentally harmful and contributing to climate change.,negative
The impact of globalization on the economy is a complex issue,neutral
The travel industry is adapting to increased safety and security concerns following global terrorism events.,neutral
"The implementation of new tax reforms had mixed sentiment among corporations, with some benefiting and others facing challenges.",neutral
"The commodities market is experiencing increasing volatility, as tensions rise between major exporting countries like China and the United States.",neutral
The company's decision to decrease their dividend payout is disappointing for shareholders.,negative
"Interest rates have remained steady, indicating a neutral economic environment.",neutral
The impact of rising healthcare costs on the economy is a concern,negative
"The global debt crisis has reached record levels, causing concern over its potential impact on the world economy.",negative
"The banking industry is seeing increased competition from nontraditional players, such as big tech firms.",neutral
"Many investors are turning to impact investing, citing a desire to create positive social and environmental change.",positive
The recent trade agreement between the US and China is providing some much-needed relief for businesses affected by the trade war.,positive
The company's expansion into new markets led to increased revenue and a positive outlook for future growth.,positive
The transportation industry is experiencing challenges due to changes in transportation technology and infrastructure.,negative
"The company's earnings report fell short of expectations, leading to a sharp decline in stock price.",negative
"The housing market has been struggling, causing concern among homeowners.",negative
"The decision to invest in individual small cap or large cap stocks should be based on individual investment goals, risk tolerance, and market conditions",neutral
The recent push for companies to prioritize ESG factors in their business decisions has resulted in positive outcomes for the environment and society.,positive
The price of oil is expected to rise due to supply disruptions and geopolitical tensions in the Middle East.,negative
The government's decision to cut funding for environmental programs could have negative consequences.,negative
"My financial priorities involve paying off debt, building an emergency fund, and saving for a down payment on a house.",neutral
"The company's dividend yield is below the industry average, despite a strong financial position.",neutral
"The recent acquisition of TikTok by Oracle has sparked controversy, with some shareholders questioning the dealâ€™s true value.",neutral
"The oil and gas sector is facing increased scrutiny over its environmental impact, as consumers become more aware of the consequences of fossil fuel use.",negative
The shipping industry is facing challenges due to the disruptions caused by the pandemic-related lockdowns and border closures.,negative
The company's new cost-cutting measures have resulted in negative employee morale and concerns about job security.,negative
The stock's recent price decline is largely due to factors outside the company's control.,neutral
"Sales figures for the quarter were disappointing, causing the company's stock to plummet.",negative
"The price of oil has been volatile in recent months, with geopolitical tensions and supply chain disruptions causing fluctuations.",negative
The global trend towards renewable energy sources presents both challenges and opportunities for investors in the energy sector.,neutral
"The company's new product line has been met with positive reviews and high customer demand, signaling potential for increased revenue growth.",positive
"The bond market remained steady today, indicating a sense of stability.",neutral
"The company's debt-to-equity ratio is high, causing concern among investors.",negative
The company's recent acquisition of a popular startup has boosted its valuations.,positive
The ongoing negotiations between the US and Canada regarding trade agreements have created uncertainty and potential for economic impact.,negative
"The company's new CEO is a rising star in the industry, which has raised investor confidence.",positive
The passage of a new healthcare bill has led to a neutral outlook for healthcare investors.,neutral
Our portfolio has been performing below expectations.,negative
The Federal Reserve indicated a possible interest rate hike in the near future.,neutral
The company's mismanagement of funds has resulted in bankruptcy.,negative
The ongoing debate over the minimum wage highlights the need for fair labor practices and income equality.,positive
The company's debt-to-equity ratio is dangerously high.,negative
"The downgrade of a company's credit rating had a negative impact on its stocks, lowering investor sentiment.",negative
The shipping industry is facing challenges due to rising fuel costs.,negative
The Federal Reserve has announced plans to raise interest rates again this year.,neutral
The entertainment industry is experiencing disruption due to the rise of streaming services.,negative
"The company's new product launch has been met with mixed reviews, with some customers responding positively and others negatively.",neutral
The shift towards renewable energy sources has created opportunities for investment and innovation in the energy industry.,positive
The company announced a large-scale expansion plan.,positive
The healthcare industry is booming as the aging population increases demand for medical services and treatments.,positive
A company's price-to-sales ratio is an important metric for evaluating its overall value and potential for long-term growth,neutral
The company's recent performance review process has resulted in mixed employee feedback and potential changes.,neutral
The company's balance sheet shows a high debt-to-equity ratio.,negative
"The company's stock has been mostly flat this year, with no major gains or losses.",neutral
"The credit rating agency downgraded the country's sovereign debt, causing panic in the bond market.",negative
The decrease in the value of the euro is having a negative impact on businesses that conduct a lot of trade with Europe.,negative
"The tech industry is booming, with companies like Apple and Google reporting record profits.",positive
The market is reacting negatively to the company's dividend cut.,negative
Our company's efforts to reduce costs have improved our bottom line.,positive
"The cryptocurrency market has been volatile, with fluctuations in value causing uncertainty for investors.",neutral
The uncertain future of certain international trade agreements is having a negative impact on various industries.,negative
The widespread use of mobile banking apps has made it incredibly convenient for consumers to access their accounts and manage their funds.,positive
The decrease in demand for travel due to COVID-19 has resulted in a negative outlook for the airline industry.,negative
The market is experiencing a bearish trend.,negative
The increasing trend towards using artificial intelligence in finance has led to increased efficiency and accuracy in certain processes.,positive
"The company's revenue is heavily dependent on one customer, which poses a risk",negative
The recent rise of SPACs (special purpose acquisition companies) is raising concerns about the potential for manipulation and the lack of transparency in these transactions.,negative
The ongoing debate about the minimum wage is causing concerns about wage stagnation.,negative
The insurance industry is facing increased regulatory scrutiny over its handling of claims and customer data.,negative
"The company's supply chain is fragile, raising concerns about its ability to meet demand in the event of a disruption.",negative
The recent trend of companies adopting AI-assisted decision-making has resulted in increased efficiency but also concerns about ethical implications.,neutral
Gold prices have been relatively stable despite ongoing economic uncertainty.,neutral
The recent regulations on the tobacco industry have hurt this company's profits.,negative
The ongoing tensions between the US and North Korea are creating geopolitical risk and uncertainty in the markets.,negative
The rising popularity of plant-based diets is affecting the food industry.,neutral
The recent increase in interest rates has led to decreased investment and decreased economic growth.,negative
The company's dividend payout ratio is higher than industry averages.,negative
"The announcement of a dividend cut by a previously reliable company caused disappointment among income-oriented investors, leading to negative sentiment.",negative
The negative impact of the recent recession on the housing market has resulted in a significant decline in property values.,negative
"The company's commitment to aggressive cost-cutting measures could be a sign of their focus on profitability, or could create challenges for employee satisfaction and long-term growth.",neutral
"The political climate is impacting financial markets, with trade tensions and geopolitical risks adding to volatility.",negative
"The sudden bankruptcy of a major retailer has caused a ripple effect throughout the industry, leading to layoffs and store closures.",negative
"The ongoing global trade tensions have led to a decrease in demand for many commodities, which has had a negative impact on producers.",negative
"The company's earnings missed expectations, potentially causing disappointment among investors.",negative
The company's sales figures for the year were lower than projected.,negative
The retail industry is seeing a shift towards e-commerce and online sales.,positive
The company's earnings have been affected by increased regulatory scrutiny.,negative
The company's aggressive expansion strategy could backfire if it fails to generate sufficient revenue.,negative
The rise of the gig economy is creating challenges for traditional job markets and labor regulations.,negative
The current regulatory environment has led to increased scrutiny on financial institutions.,negative
The current low unemployment rate has led to concerns about inflation and wage growth.,neutral
The company's earnings per share fell short of expectations.,negative
"The stock market's recent decline could be a sign of an impending recession, leading to a negative outlook for the economy.",negative
The company's brand reputation has taken a hit due to a scandal involving senior executives.,negative
The oil and gas industry is seeing decreased demand due to a global shift toward renewable energy.,negative
The company's branding and marketing strategies are outdated.,negative
"The ongoing pandemic has led to a surge in remote work, creating both challenges and opportunities for businesses and employees.",neutral
The market is anticipating a drop in interest rates.,positive
The rise of online shopping is prompting retailers to rethink their brick-and-mortar strategies.,neutral
The company's cost-cutting measures have resulted in layoffs and reduced morale.,negative
"The auto industry has seen a major decline in sales, leading to concerns about the overall health of the economy.",negative
The market is showing signs of recovery after a recent dip.,positive
The Fed's decision to cut interest rates was met with mixed reactions from investors.,neutral
The central bank's decision to tighten monetary policy resulted in a neutral sentiment among investors as they awaited further market signals.,neutral
The European Central Bank announced a new stimulus package,neutral
The recent scandal involving a major bank has damaged consumer trust in the industry.,negative
"The biotech sector has seen a major increase in funding, leading to a surge in research and development.",positive
The increase in tariffs is causing concern among import-export businesses.,negative
"The recent flood of new entrants into the market has caused competition to intensify, leading to a decline in prices.",negative
"The company's revenue is heavily dependent on seasonal cycles, posing risks to investors.",neutral
The negative impact of rising inflation may lead to increased interest rates and market volatility.,negative
"The dollar has weakened against the euro, impacting international trade.",negative
The company's dividend yield is lower than industry averages.,negative
"The defense industry is highly regulated, resulting in a neutral outlook for investors.",neutral
"The tech company's profit warning sent shockwaves through the market, resulting in a mass sell-off and negative sentiments towards the technology sector as a whole.",negative
The market is concerned about the impact of the trade agreement.,neutral
The company's expansion into new markets has been unsuccessful due to cultural barriers.,negative
"The company announced layoffs, indicating a restructuring effort and leading to concerns about its future prospects.",negative
The decision to invest in stocks or bonds largely depends on an individual's risk tolerance and financial goals.,neutral
The trend of companies prioritizing share buybacks and dividends over investing in research and development is creating concerns for investors and policymakers.,negative
Understanding the effect of interest rates upon investment and borrowing is critical in financial planning.,neutral
"The oil industry has been hit hard by a drop in demand due to the pandemic, resulting in significant layoffs and bankruptcies.",negative
The company's accounting practices have attracted scrutiny from regulators and investors.,negative
"The risks associated with investing in emerging markets are high, but so are the potential returns.",neutral
The company's stock price has been volatile due to uncertainty about the CEO's future plans.,neutral
"The ongoing housing shortage is driving up demand for rental properties, causing rents to rise.",negative
The company's decision to cut costs by reducing employee benefits has led to backlash from workers and negative press.,negative
The transportation industry faced headwinds due to rising fuel prices and increased regulations.,negative
"The company's debt-to-equity ratio is concerning investors, leading to a drop in stock price.",negative
"The company's quarterly earnings missed analysts' expectations, leading to a dip in stock price.",negative
The rise of machine learning in investing has caused changes in traditional investment strategies.,positive
The new Federal Reserve chief's monetary policy has been met with mixed reviews from economists.,neutral
"The company's growth prospects are uncertain, causing investors to adopt a wait-and-see approach.",negative
The shipping industry is facing increased scrutiny over labor standards and safety practices.,negative
"The banking industry is seeing increased competition from fintech startups, which are disrupting traditional business models.",negative
"The technology sector is facing criticism for a lack of diversity and inclusion in its workforce, leading some investors to question its long-term sustainability.",negative
The company's high debt levels are a concern for investors and could limit their ability to grow in the future.,negative
"The company's dividend payout is too low, signaling a lack of commitment to shareholders.",negative
The rise of automation and AI is causing concerns about job displacement.,negative
"The Fed announced a cut in interest rates, providing a boost to the economy.",positive
"The airline industry faced headwinds due to rising fuel prices and intense competition, leading to reduced profit margins.",negative
The economic recovery from the pandemic is expected to be slow but steady.,neutral
The neutral response to the company's earnings report indicates a stable outlook for the firm.,neutral
The increasing trend towards automated investing has created new opportunities for individuals to invest with ease and efficiency.,neutral
The company's net income decreased from the previous quarter,negative
The company's profit margin has decreased due to rising production costs.,negative
"The automotive industry is investing heavily in electric and self-driving vehicles, driving innovation and disruption.",positive
"The stock market has been rallying for months, encouraging investors to put their money in equities.",positive
The energy industry is facing disruption from both renewable sources of power and emerging technologies like energy storage and carbon capture.,neutral
"The automotive industry is facing increased regulation and scrutiny, particularly regarding emissions and safety standards.",negative
The negative sentiments towards the retail sector have led to a decrease in sales for retailers.,negative
The increasing number of cyberattacks on financial institutions highlights the importance of cybersecurity measures for safeguarding customer data.,negative
The repercussions of the 2008 financial crisis are still evident in the tightening of lending standards by financial institutions.,negative
The gig economy has created new opportunities for self-employment but lacks benefits and job security.,neutral
"The ongoing COVID-19 pandemic has had a major impact on the global economy, causing widespread economic upheaval and job losses",negative
The company's dividend payout ratio is lower than industry standards,negative
The growth of emerging markets is creating new investment opportunities but also comes with higher risks and instability.,neutral
"The company's management has announced a restructuring plan, aiming to streamline operations and cut costs.",neutral
The rising cost of education is a growing concern for many families and policymakers.,negative
The government's decision to increase infrastructure spending is expected to boost the construction industry.,positive
The company's dividend reinvestment program has been poorly received by shareholders.,negative
The Federal Reserve's decision to keep interest rates steady is a sign of cautious optimism about the economy.,neutral
The market is seeing a trend toward index fund investing.,neutral
The sudden drop in demand for fossil fuels due to environmental concerns has resulted in a negative outlook for the fossil fuel industry.,negative
The company's quarterly report was in line with analyst expectations.,neutral
The company's high debt levels are a cause for concern among investors.,negative
"The hospitality industry provides valuable jobs and economic growth in local communities, but must address issues of labor practices and access to benefits.",neutral
"The investment industry must address growing concerns about environmental, social, and governance factors in their decision-making processes.",negative
"The current pandemic is affecting the retail industry, with many stores closing permanently.",negative
The company's conservative approach to investment has kept it financially stable despite market downturns.,neutral
"The recent decline in energy prices is putting pressure on companies in the oil and gas industry, potentially affecting their financial health.",negative
